{
  "centralLivePanelCount": 0,
  "sidebarPreviewCount": 1,
  "mapPreviewCount": 1,
  "mapPreviewBox": {
    "x": 766.6728515625,
    "y": 553.9908447265625,
    "width": 195.696044921875,
    "height": 109.02197265625
  }
}